<?xml version="1.0"?>
<ArrayOfStudent xmlns:xsi="http://www.w3.org/2001/XMLSchema-instance" xmlns:xsd="http://www.w3.org/2001/XMLSchema">
  <Student>
    <ticket>81406</ticket>
    <fname>Лазицкас</fname>
    <name>Екатерина</name>
    <lname>Александровна</lname>
    <bith>1989-01-20T00:00:00</bith>
    <phone>+375 (11) 111-11-11</phone>
    <adress>минск</adress>
  </Student>
  <Student>
    <ticket>04735</ticket>
    <fname>Морозова</fname>
    <name>Милана</name>
    <lname>Валентиновна</lname>
    <bith>1974-08-27T00:00:00</bith>
    <phone>+375 (25) 686-30-90</phone>
    <adress>г. Ясеньское, ул. Бориса Галушкина, дом 77, квартира 49</adress>
  </Student>
  <Student>
    <ticket>23508</ticket>
    <fname>Ушакова</fname>
    <name>Василиса</name>
    <lname>Владиславовна</lname>
    <bith>1981-11-12T00:00:00</bith>
    <phone>+375 (33) 632-43-49</phone>
    <adress>г. Тумановка, ул. Красноказарменный Проезд, дом 54, кв. 59</adress>
  </Student>
  <Student>
    <ticket>73485</ticket>
    <fname>Покровский</fname>
    <name>Вацлав</name>
    <lname>Вячеславович</lname>
    <bith>1991-11-28T00:00:00</bith>
    <phone>+375 (33) 394-18-58</phone>
    <adress>г. Луза, ул. Красноказарменная, дом 24, квартира 255</adress>
  </Student>
  <Student>
    <ticket>13010</ticket>
    <fname>Веселкова</fname>
    <name>Изабелла</name>
    <lname>Львовна</lname>
    <bith>1979-06-22T00:00:00</bith>
    <phone>+375 (25) 693-47-55</phone>
    <adress> г. Красноторовка, ул. Конный Переулок, дом 33, кв. 249</adress>
  </Student>
  <Student>
    <ticket>20460</ticket>
    <fname>Степанов</fname>
    <name>Владимир</name>
    <lname>Максович</lname>
    <bith>1987-01-13T00:00:00</bith>
    <phone>+375 (44) 362-63-83</phone>
    <adress> г. Земетчино, ул. А. Космодемьянских, дом 83, квартира 211</adress>
  </Student>
  <Student>
    <ticket>16574</ticket>
    <fname>Чаурина</fname>
    <name>Елизавета</name>
    <lname>Петровна</lname>
    <bith>1993-09-04T00:00:00</bith>
    <phone>+375 (33) 400-86-65</phone>
    <adress>г. Кумачово, ул. Орджоникидзе, дом 31, квартира 114</adress>
  </Student>
  <Student>
    <ticket>18847</ticket>
    <fname>Федотов</fname>
    <name>Автандил</name>
    <lname>Сергеевич</lname>
    <bith>1982-03-07T00:00:00</bith>
    <phone>+375 (29) 353-59-59</phone>
    <adress> г. Западный, ул. Подбельского, дом 90, квартира 266</adress>
  </Student>
  <Student>
    <ticket>62362</ticket>
    <fname>Богданова</fname>
    <name>Наталья</name>
    <lname>Тимофеевна</lname>
    <bith>1992-05-13T00:00:00</bith>
    <phone>+375 (44) 117-26-34</phone>
    <adress>г. Восод, ул. Самаринская 2-я, дом 19, квартира 193</adress>
  </Student>
  <Student>
    <ticket>15830</ticket>
    <fname>Поляков</fname>
    <name>Дмитрий</name>
    <lname>Федорович</lname>
    <bith>1980-03-06T00:00:00</bith>
    <phone>+375 (33) 652-48-89</phone>
    <adress>г. Россошь, ул. Вересаева, дом 59, квартира 237</adress>
  </Student>
</ArrayOfStudent>